flow_multiplier_relative_to_10K_case,water_volume_flow_L_min,equivalent_bulk_coolant_delta_T_K,channel_velocity_m_s,Re,Pr,Nu,h_W_m2K,surface_to_fluid_delta_T_K,flow_regime,correlation_used,thermal_entrance_length_m,thermal_entrance_length_to_channel_length_ratio,note
0.5,0.1799657345241466,20.0,0.14997144543678884,224.00229378348837,6.200333333333333,4.12,1854.0,44.94786048184106,Laminar,"Rectangular-duct laminar screening value, Nu = 4.12",0.0925925925925926,1.8518518518518519,Laminar constant-Nu branch is simplified; developing-flow effects are not modelled.
1.0,0.3599314690482932,10.0,0.29994289087357767,448.00458756697674,6.200333333333333,4.12,1854.0,44.94786048184106,Laminar,"Rectangular-duct laminar screening value, Nu = 4.12",0.1851851851851852,3.7037037037037037,Laminar constant-Nu branch is simplified; developing-flow effects are not modelled.
2.0,0.7198629380965864,5.0,0.5998857817471553,896.0091751339535,6.200333333333333,4.12,1854.0,44.94786048184106,Laminar,"Rectangular-duct laminar screening value, Nu = 4.12",0.3703703703703704,7.407407407407407,Laminar constant-Nu branch is simplified; developing-flow effects are not modelled.
4.0,1.4397258761931728,2.5,1.1997715634943107,1792.018350267907,6.200333333333333,4.12,1854.0,44.94786048184106,Laminar,"Rectangular-duct laminar screening value, Nu = 4.12",0.7407407407407408,14.814814814814815,Laminar constant-Nu branch is simplified; developing-flow effects are not modelled.
8.0,2.8794517523863457,1.25,2.3995431269886214,3584.036700535814,6.200333333333333,18.700325380584527,8415.146421263038,9.902778770761513,Transitional screening,Average of laminar rectangular-duct and Dittus-Boelter estimates,1.4814814814814816,29.62962962962963,Laminar constant-Nu branch is simplified; developing-flow effects are not modelled.
16.0,5.758903504772691,0.625,4.799086253977243,7168.073401071628,6.200333333333333,57.94497853399461,26075.240340297572,3.1958797788930493,Turbulent,Dittus-Boelter turbulent internal-flow estimate,2.9629629629629632,59.25925925925926,Laminar constant-Nu branch is simplified; developing-flow effects are not modelled.
